{
  "overall_results": {
    "num_successful_tasks": 3,
    "num_total_tasks": 3,
    "overall_quality_score": 0.046048454469507095,
    "compression_performance": {
      "overall_avg_compression_ratio": 0.787568258072047,
      "overall_avg_memory_savings": 0.21243174192795297,
      "overall_avg_processing_time": 22.699119400978088
    },
    "task_breakdown": {
      "narrativeqa": {
        "score": 0.08
      },
      "qasper": {
        "score": 0.025396825396825397
      },
      "multifieldqa_en": {
        "score": 0.0327485380116959
      }
    }
  },
  "task_results": {
    "narrativeqa": {
      "task_name": "narrativeqa",
      "num_samples": 10,
      "quality_metrics": {
        "avg_f1": 0.08,
        "avg_exact_match": 0.0
      },
      "compression_metrics": {
        "avg_compression_ratio": 0.7844985961914063,
        "avg_memory_savings": 0.21550140380859376,
        "avg_processing_time": 24.01003677845001,
        "avg_tokens_per_second": 3.557205948420601,
        "avg_precision_distribution": {
          "high": 0.4287086486816406,
          "medium": 0.55345458984375,
          "low": 0.017836761474609376
        }
      },
      "overall_score": 0.08
    },
    "qasper": {
      "task_name": "qasper",
      "num_samples": 10,
      "quality_metrics": {
        "avg_f1": 0.025396825396825397,
        "avg_exact_match": 0.0
      },
      "compression_metrics": {
        "avg_compression_ratio": 0.7718460550544467,
        "avg_memory_savings": 0.22815394494555333,
        "avg_processing_time": 23.008165669441222,
        "avg_tokens_per_second": 3.7008333408154592,
        "avg_precision_distribution": {
          "high": 0.4573688989367781,
          "medium": 0.5317128750608877,
          "low": 0.01091822600233424
        }
      },
      "overall_score": 0.025396825396825397
    },
    "multifieldqa_en": {
      "task_name": "multifieldqa_en",
      "num_samples": 10,
      "quality_metrics": {
        "avg_f1": 0.0327485380116959,
        "avg_exact_match": 0.0
      },
      "compression_metrics": {
        "avg_compression_ratio": 0.8063601229702881,
        "avg_memory_savings": 0.19363987702971178,
        "avg_processing_time": 21.07915575504303,
        "avg_tokens_per_second": 4.19298412847896,
        "avg_precision_distribution": {
          "high": 0.3737281356129326,
          "medium": 0.6108734228233097,
          "low": 0.015398441563757682
        }
      },
      "overall_score": 0.0327485380116959
    }
  }
}