{
  "overall_results": {
    "num_successful_tasks": 3,
    "num_total_tasks": 3,
    "overall_quality_score": 0.060235497403689615,
    "compression_performance": {
      "overall_avg_compression_ratio": 0.45015084450988024,
      "overall_avg_memory_savings": 0.5498491554901197,
      "overall_avg_processing_time": 22.49505936304728
    },
    "task_breakdown": {
      "narrativeqa": {
        "score": 0.07591093117408906
      },
      "qasper": {
        "score": 0.062295561036979794
      },
      "multifieldqa_en": {
        "score": 0.0425
      }
    }
  },
  "task_results": {
    "narrativeqa": {
      "task_name": "narrativeqa",
      "num_samples": 10,
      "quality_metrics": {
        "avg_f1": 0.07591093117408906,
        "avg_exact_match": 0.0
      },
      "compression_metrics": {
        "avg_compression_ratio": 0.43663864135742186,
        "avg_memory_savings": 0.5633613586425781,
        "avg_processing_time": 23.673449802398682,
        "avg_tokens_per_second": 3.6008556997872576,
        "avg_precision_distribution": {
          "high": 0.3472480773925781,
          "medium": 0.6312202453613281,
          "low": 0.02153167724609375
        }
      },
      "overall_score": 0.07591093117408906
    },
    "qasper": {
      "task_name": "qasper",
      "num_samples": 10,
      "quality_metrics": {
        "avg_f1": 0.062295561036979794,
        "avg_exact_match": 0.0
      },
      "compression_metrics": {
        "avg_compression_ratio": 0.4556929933450517,
        "avg_memory_savings": 0.5443070066549482,
        "avg_processing_time": 22.83571853637695,
        "avg_tokens_per_second": 3.7256080869796095,
        "avg_precision_distribution": {
          "high": 0.3144738472925072,
          "medium": 0.6747032154812196,
          "low": 0.010822937226273116
        }
      },
      "overall_score": 0.062295561036979794
    },
    "multifieldqa_en": {
      "task_name": "multifieldqa_en",
      "num_samples": 10,
      "quality_metrics": {
        "avg_f1": 0.0425,
        "avg_exact_match": 0.0
      },
      "compression_metrics": {
        "avg_compression_ratio": 0.45812089882716717,
        "avg_memory_savings": 0.5418791011728328,
        "avg_processing_time": 20.97600975036621,
        "avg_tokens_per_second": 4.209360586406149,
        "avg_precision_distribution": {
          "high": 0.3073348602155639,
          "medium": 0.6764609882030789,
          "low": 0.016204151581357223
        }
      },
      "overall_score": 0.0425
    }
  }
}