{
  "metadata": {
    "experiment_name": "compression_exp_20251020_213849",
    "model_name": "models/llama2-7b",
    "device": "cuda",
    "timestamp": "2025-10-20T21:56:57.269057"
  },
  "hyperparameters": {
    "alpha": 0.6,
    "beta": 0.2,
    "gamma": 0.2,
    "theta_h": 0.6,
    "theta_m": 0.2,
    "early_ratio": 0.8,
    "middle_ratio": 0.6,
    "later_ratio": 0.4,
    "max_length": 4096
  },
  "results": {
    "baseline": {
      "overall_quality_score": 0.07495848199318483,
      "total_tasks": 3,
      "task_breakdown": {
        "narrativeqa": 0.028772120762364344,
        "qasper": 0.059002793684073476,
        "multifieldqa_en": 0.1371005315331167
      }
    },
    "compressed": {
      "overall_quality_score": 0.046048454469507095,
      "avg_memory_savings": 0.21243174192795297,
      "avg_compression_ratio": 0.787568258072047,
      "total_tasks": 3,
      "task_breakdown": {
        "narrativeqa": 0.08,
        "qasper": 0.025396825396825397,
        "multifieldqa_en": 0.0327485380116959
      }
    }
  }
}